bus_id,operator_type,route_number,capacity,registration_number,timestamp,latitude,longitude,passenger_count,occupancy_percentage,seat_availability
KSRTC-101,KSRTC,R1,50,KL-15-A-1001,2026-06-29T07:30:00Z,8.5241,76.9366,42,84,8
KSRTC-102,KSRTC,R1,50,KL-15-A-1002,2026-06-29T07:45:00Z,8.5300,76.9400,28,56,22
PVT-201,PRIVATE,R1,38,KL-01-P-2201,2026-06-29T08:00:00Z,8.5350,76.9450,35,92,3
KSRTC-103,KSRTC,R2,52,KL-15-A-1003,2026-06-29T09:00:00Z,8.4800,76.9100,18,35,34
PVT-202,PRIVATE,R2,36,KL-01-P-2202,2026-06-29T09:15:00Z,8.4820,76.9120,12,33,24
KSRTC-104,KSRTC,R3,50,KL-15-A-1004,2026-06-29T17:30:00Z,8.5600,76.9700,49,98,1
PVT-203,PRIVATE,R3,40,KL-01-P-2203,2026-06-29T17:45:00Z,8.5620,76.9720,21,52,19
KSRTC-105,KSRTC,R4,48,KL-15-A-1005,2026-06-29T12:15:00Z,8.5000,76.9500,10,21,38
PVT-204,PRIVATE,R4,36,KL-01-P-2204,2026-06-29T12:30:00Z,8.5050,76.9550,8,22,28
